ftu,illustration_count,asctb_count,shared_count,shared_ids
small-intestine-villus,15,15,15,CL:0000057;CL:0000097;CL:0000163;CL:0000186;CL:0000235;CL:0000236;CL:0000451;CL:0000584;CL:0000623;CL:0000771;CL:0000775;CL:0000786;CL:0001065;CL:0009080;CL:1000324
liver-liver-lobule,11,11,11,CL:0000075;CL:0000091;CL:0000182;CL:0000241;CL:0000632;CL:0002196;CL:0002543;CL:0009100;CL:0019018;CL:1000398;CL:1000413
thymus-thymus-lobule,13,11,11,CL:0000071;CL:0000788;CL:0000809;CL:0000883;CL:0000942;CL:0001070;CL:0002364;CL:0009070;CL:0009071;CL:0009073;CL:0009077
spleen-white-pulp,10,8,8,CL:0000192;CL:0000442;CL:0000499;CL:0000876;CL:0000877;CL:0000980;CL:1000489;CL:2000053
prostate-prostate-glandular-acinus,9,7,7,CL:0000359;CL:0000669;CL:0002340;CL:0002341;CL:1000299;CL:1000301;CL:1000487
kidney-nephron,10,7,7,CL:1000768;CL:1000849;CL:1000850;CL:1001106;CL:1001107;CL:1001111;CL:4030009
pancreas-endocrine-pancreas,7,6,6,CL:0000169;CL:0000171;CL:0000173;CL:0000235;CL:0002144;CL:0002275
lung-bronchial-submucosal-gland,6,6,6,CL:4033003;CL:4033005;CL:4033022;CL:4033023;CL:4033024;CL:4033055
placenta-chorionic-terminal-villus,6,6,6,CL:0000523;CL:0000525;CL:0000669;CL:0002558;CL:2000062;CL:3000001
spleen-red-pulp,10,6,6,CL:0000037;CL:0000236;CL:0000874;CL:0000980;CL:0001055;CL:0001056
large-intestine-crypt-lieberkuhn,5,5,5,CL:0000165;CL:0002071;CL:0009016;CL:0019032;CL:1000321
skin-epidermal-ridge,5,5,5,CL:0000242;CL:0000646;CL:0000649;CL:0002457;CL:1000458
lung-pulmonary-alveolus,6,5,5,CL:0002062;CL:0002063;CL:0009089;CL:4028002;CL:4028004
kidney-renal-corpuscle,9,4,4,CL:0000653;CL:1000452;CL:1000742;CL:1001005
skin-hair-follicle,5,4,4,CL:0000317;CL:0002337;CL:0002483;CL:0002562
pancreas-pancreatic-acinus,4,3,3,CL:0002064;CL:0002080;CL:1000322
kidney-cortical-collecting-duct,3,2,2,CL:1000714;CL:1000715
kidney-outer-medullary-collecting-duct,3,2,2,CL:1000716;CL:1000717
pancreas-intercalated-duct,2,1,1,CL:1001433
kidney-ascending-thin-loop-of-henle,2,1,1,CL:1001107
kidney-thick-ascending-loop-of-henle,2,1,1,CL:1001106
kidney-descending-thin-loop-of-henle,2,1,1,CL:1001111
kidney-inner-medullary-collecting-duct,2,1,1,CL:1000718
mouth-sublingual-gland,12,0,0,
mouth-parotid-gland,15,0,0,
mouth-submandibular-gland,14,0,0,
skin-dermal-papilla,2,0,0,
