tool,dataset,organ_id,organ,overlap_cells,exact_matches,mismatches,exact_agreement,macro_precision,macro_recall,macro_f1,weighted_f1,author_classes,predicted_classes,mean_conf_match,mean_conf_mismatch
azimuth,https://www.ebi.ac.uk/gxa/sc/experiments/E-CURD-119#ANATOMOGRAM-E-CURD-119-Healthy1,UBERON:0002113,Kidney,4114,675,3439,0.16407389402041808,0.29335134208043906,0.2886355311355311,0.2907621810767067,0.16696839851080253,13,27,0.8767282523683408,0.8903282582704217
azimuth,https://www.ebi.ac.uk/gxa/sc/experiments/E-CURD-119#ANATOMOGRAM-E-CURD-119-Healthy2,UBERON:0002113,Kidney,2919,267,2652,0.09146968139773895,0.29036227531752196,0.258379420144126,0.2711963051257728,0.10277725197309487,13,30,0.9571589196040357,0.9171867436540407
azimuth,https://www.ebi.ac.uk/gxa/sc/experiments/E-CURD-119#ANATOMOGRAM-E-CURD-119-Healthy3,UBERON:0002113,Kidney,5456,792,4664,0.14516129032258066,0.28762611422083073,0.27570058782095686,0.2801490712350373,0.15595453960917507,13,33,0.9164379339051977,0.8810212905292394
azimuth,https://www.ebi.ac.uk/gxa/sc/experiments/E-CURD-119#ANATOMOGRAM-E-CURD-119-Healthy4,UBERON:0002113,Kidney,3682,236,3446,0.06409560021727322,0.2844929080365973,0.2681895455697206,0.27535244537987136,0.06717721731139677,13,28,0.9816391863847058,0.8686240334386501
azimuth,https://www.ebi.ac.uk/gxa/sc/experiments/E-CURD-119#ANATOMOGRAM-E-CURD-119-Healthy5,UBERON:0002113,Kidney,3803,664,3139,0.1745990007888509,0.28968351043755797,0.2856003468362592,0.2870982757387921,0.17062738741465577,13,34,0.933428347497427,0.8758955767129087
azimuth,https://www.ebi.ac.uk/gxa/sc/experiments/E-GEOD-130148#ANATOMOGRAM-E-GEOD-130148-muc3843-upper_lobe_of_left_lung,UBERON:0002048,Lung,768,351,417,0.45703125,0.3026556776556777,0.22433973878084904,0.237944183765804,0.495228180768567,13,23,0.9258528755944773,0.9807526350433112
azimuth,https://www.ebi.ac.uk/gxa/sc/experiments/E-GEOD-130148#ANATOMOGRAM-E-GEOD-130148-muc4658-upper_lobe_of_left_lung,UBERON:0002048,Lung,1200,352,848,0.29333333333333333,0.32962948583801666,0.300780693363767,0.28620655909555337,0.3376655040681962,13,25,0.9612196985517388,0.9339907259257645
azimuth,https://www.ebi.ac.uk/gxa/sc/experiments/E-GEOD-130148#ANATOMOGRAM-E-GEOD-130148-muc5103-main_bronchus,UBERON:0002048,Lung,701,55,646,0.07845934379457917,0.16861615786582876,0.20784500858942548,0.1051606475121179,0.07286845282869388,13,27,0.9923948275849004,0.9808440630087979
azimuth,https://www.ebi.ac.uk/gxa/sc/experiments/E-GEOD-130148#ANATOMOGRAM-E-GEOD-130148-muc5104-upper_lobe_of_left_lung,UBERON:0002048,Lung,533,188,345,0.3527204502814259,0.3219633006867049,0.22667161888750964,0.24353113840746352,0.4061367544518454,9,19,0.9573143640494466,0.9649809851070305
azimuth,https://www.ebi.ac.uk/gxa/sc/experiments/E-MTAB-5061#ANATOMOGRAM-E-MTAB-5061-H2,UBERON:0001264,Pancreas,259,225,34,0.8687258687258688,0.6532886231415643,0.6652421652421653,0.6590779371287846,0.8556688966858458,12,11,0.9854167404118379,0.9800998047183507
azimuth,https://www.ebi.ac.uk/gxa/sc/experiments/E-MTAB-5061#ANATOMOGRAM-E-MTAB-5061-H3,UBERON:0001264,Pancreas,233,141,92,0.6051502145922747,0.4550890273213322,0.5,0.4755343718515074,0.5815376468659017,10,6,0.9981714069461162,0.9850214047717473
azimuth,https://www.ebi.ac.uk/gxa/sc/experiments/E-MTAB-5061#ANATOMOGRAM-E-MTAB-5061-H4,UBERON:0001264,Pancreas,203,192,11,0.9458128078817734,0.773015873015873,0.7761437908496732,0.7745571658615137,0.9362461626329692,9,9,0.9543452077009204,0.9138147330665912
azimuth,https://www.ebi.ac.uk/gxa/sc/experiments/E-MTAB-5061#ANATOMOGRAM-E-MTAB-5061-H5,UBERON:0001264,Pancreas,98,91,7,0.9285714285714286,0.7168125701459035,0.7382154882154883,0.7196673800606385,0.9090033686026578,9,8,0.9914276163742859,0.9772632460102669
azimuth,https://www.ebi.ac.uk/gxa/sc/experiments/E-MTAB-5061#ANATOMOGRAM-E-MTAB-5061-H6,UBERON:0001264,Pancreas,213,203,10,0.9530516431924883,0.6969298245614035,0.7272727272727273,0.7113120908187321,0.93271202165555,11,9,0.9817082818294234,0.9427133147061724
azimuth,https://www.ebi.ac.uk/gxa/sc/experiments/E-MTAB-5061#ANATOMOGRAM-E-MTAB-5061-T2D1,UBERON:0001264,Pancreas,248,232,16,0.9354838709677419,0.5410221092039275,0.5448098001289491,0.5428937259923176,0.9275329395729214,11,7,0.9780476841527052,0.9530278239265839
azimuth,https://www.ebi.ac.uk/gxa/sc/experiments/E-MTAB-5061#ANATOMOGRAM-E-MTAB-5061-T2D2,UBERON:0001264,Pancreas,275,234,41,0.850909090909091,0.5620621077215006,0.5729166666666666,0.5663645970800374,0.8334279274578664,12,9,0.9808936938379802,0.9779915226207158
azimuth,https://www.ebi.ac.uk/gxa/sc/experiments/E-MTAB-5061#ANATOMOGRAM-E-MTAB-5061-T2D3,UBERON:0001264,Pancreas,279,252,27,0.9032258064516129,0.6209459831507076,0.6363636363636364,0.628066378066378,0.896384479717813,11,9,0.9960523322474963,0.9889944723801593
azimuth,https://www.ebi.ac.uk/gxa/sc/experiments/E-MTAB-5061#ANATOMOGRAM-E-MTAB-5061-T2D4,UBERON:0001264,Pancreas,301,277,24,0.920265780730897,0.5308145184433845,0.5430871212121212,0.5367685336223441,0.9105980949707769,11,9,0.9912771128904855,0.9616392528664827
celltypist,https://www.ebi.ac.uk/gxa/sc/experiments/E-GEOD-130148#ANATOMOGRAM-E-GEOD-130148-muc3843-upper_lobe_of_left_lung,UBERON:0002048,Lung,768,353,415,0.4596354166666667,0.45483682983682977,0.33737385015150106,0.3617623117623118,0.48670221560846555,13,33,0.9402053337134633,0.8072972097773419
celltypist,https://www.ebi.ac.uk/gxa/sc/experiments/E-GEOD-130148#ANATOMOGRAM-E-GEOD-130148-muc4658-upper_lobe_of_left_lung,UBERON:0002048,Lung,1200,338,862,0.2816666666666667,0.39791038666220085,0.29972802059317216,0.3178375930193286,0.32090112201666604,13,38,0.9116545264893124,0.81571878382385
celltypist,https://www.ebi.ac.uk/gxa/sc/experiments/E-GEOD-130148#ANATOMOGRAM-E-GEOD-130148-muc5103-main_bronchus,UBERON:0002048,Lung,701,63,638,0.0898716119828816,0.2521108521108521,0.2552395495323535,0.18746942712459955,0.09831917553645136,13,37,0.9188668795546121,0.6801902493632868
celltypist,https://www.ebi.ac.uk/gxa/sc/experiments/E-GEOD-130148#ANATOMOGRAM-E-GEOD-130148-muc5104-upper_lobe_of_left_lung,UBERON:0002048,Lung,533,174,359,0.32645403377110693,0.41599174932508265,0.30825076916895,0.3193654634670968,0.34865529612995416,9,25,0.9632253053406711,0.6934993510003622
celltypist,https://www.ebi.ac.uk/gxa/sc/experiments/E-MTAB-10553#ANATOMOGRAM-E-MTAB-10553-donor1,UBERON:0002107,Liver,4776,2377,2399,0.49769681742043553,0.3974755901807569,0.36436546885391685,0.37894892468732283,0.5476544105117795,12,17,0.9014166477866116,0.8802783940843626
celltypist,https://www.ebi.ac.uk/gxa/sc/experiments/E-MTAB-10553#ANATOMOGRAM-E-MTAB-10553-donor2,UBERON:0002107,Liver,2802,1386,1416,0.49464668094218417,0.3989357781426747,0.3440480133726491,0.3662366286322209,0.5684038961720048,12,17,0.9706251442060077,0.9145600977922944
celltypist,https://www.ebi.ac.uk/gxa/sc/experiments/E-MTAB-10553#ANATOMOGRAM-E-MTAB-10553-donor3,UBERON:0002107,Liver,1448,410,1038,0.28314917127071826,0.39357494845000524,0.2660469454100115,0.3109546506283776,0.39722205011479367,10,17,0.5476115908268062,0.7300806033353615
celltypist,https://www.ebi.ac.uk/gxa/sc/experiments/E-MTAB-10553#ANATOMOGRAM-E-MTAB-10553-donor4,UBERON:0002107,Liver,1612,700,912,0.43424317617866004,0.41845033752257427,0.3545852734430321,0.3810303996205832,0.4842907306405726,12,17,0.9298408598270859,0.863344288098151
celltypist,https://www.ebi.ac.uk/gxa/sc/experiments/E-MTAB-10553#ANATOMOGRAM-E-MTAB-10553-donor5,UBERON:0002107,Liver,1766,631,1135,0.35730464326160816,0.40812830687830687,0.34708586403656877,0.3720105029136702,0.42670322265601024,12,17,0.9429681733602269,0.9377189411844079
celltypist,https://www.ebi.ac.uk/gxa/sc/experiments/E-MTAB-10553#ANATOMOGRAM-E-MTAB-10553-donor6,UBERON:0002107,Liver,2596,1019,1577,0.3925269645608629,0.37231164965521457,0.33187708318116554,0.34688286578451416,0.38942542792630275,13,17,0.9400549983352123,0.8724379514211484
celltypist,https://www.ebi.ac.uk/gxa/sc/experiments/E-MTAB-5061#ANATOMOGRAM-E-MTAB-5061-H2,UBERON:0001264,Pancreas,259,203,56,0.7837837837837838,0.26334131230639257,0.3319088319088319,0.2861997732022583,0.7094742728712069,12,4,0.6153477898986973,0.4603294640151
celltypist,https://www.ebi.ac.uk/gxa/sc/experiments/E-MTAB-5061#ANATOMOGRAM-E-MTAB-5061-H3,UBERON:0001264,Pancreas,233,75,158,0.3218884120171674,0.13551294495004312,0.4,0.18809885150310685,0.19100517173752496,10,4,0.708804397650155,0.23713473399884955
celltypist,https://www.ebi.ac.uk/gxa/sc/experiments/E-MTAB-5061#ANATOMOGRAM-E-MTAB-5061-H4,UBERON:0001264,Pancreas,203,179,24,0.8817733990147784,0.3089220303506018,0.4444444444444444,0.35565647422847424,0.8309643629317216,9,4,0.5641377028104907,0.27473762112281547
celltypist,https://www.ebi.ac.uk/gxa/sc/experiments/E-MTAB-5061#ANATOMOGRAM-E-MTAB-5061-H5,UBERON:0001264,Pancreas,98,64,34,0.6530612244897959,0.2524618162299322,0.44191919191919193,0.3172999839666506,0.5315546131872663,9,4,0.6641929420203575,0.3234186645294484
celltypist,https://www.ebi.ac.uk/gxa/sc/experiments/E-MTAB-5061#ANATOMOGRAM-E-MTAB-5061-H6,UBERON:0001264,Pancreas,213,158,55,0.7417840375586855,0.27206127206127206,0.3450136201559351,0.2853405032768581,0.7036148100431583,11,4,0.43648094132543375,0.4864123435512769
celltypist,https://www.ebi.ac.uk/gxa/sc/experiments/E-MTAB-5061#ANATOMOGRAM-E-MTAB-5061-T2D1,UBERON:0001264,Pancreas,248,226,22,0.9112903225806451,0.30050321047843637,0.36105738233397805,0.3178278845590258,0.8888732235506429,11,4,0.6011632321582165,0.4114973671693214
celltypist,https://www.ebi.ac.uk/gxa/sc/experiments/E-MTAB-5061#ANATOMOGRAM-E-MTAB-5061-T2D2,UBERON:0001264,Pancreas,275,145,130,0.5272727272727272,0.16713866887701848,0.3319327731092437,0.2086521142294905,0.4056290621706604,12,4,0.5888649421152695,0.5153534740214318
celltypist,https://www.ebi.ac.uk/gxa/sc/experiments/E-MTAB-5061#ANATOMOGRAM-E-MTAB-5061-T2D3,UBERON:0001264,Pancreas,279,112,167,0.4014336917562724,0.21098200045568466,0.35537190082644626,0.2374227119681665,0.3131083837177028,11,4,0.43217475555743057,0.6726486709997213
celltypist,https://www.ebi.ac.uk/gxa/sc/experiments/E-MTAB-5061#ANATOMOGRAM-E-MTAB-5061-T2D4,UBERON:0001264,Pancreas,301,226,75,0.7508305647840532,0.2872160000527236,0.3612689393939394,0.31091029927775193,0.674240439257439,11,4,0.5741133096903988,0.49407895502803817
pan-human-azimuth,https://www.ebi.ac.uk/gxa/sc/experiments/E-CURD-119#ANATOMOGRAM-E-CURD-119-Healthy1,UBERON:0002113,Kidney,498,15,483,0.030120481927710843,0.25,0.09568798449612403,0.10563973063973064,0.039349316457750194,12,18,0.9476591893333333,0.9276832274741197
pan-human-azimuth,https://www.ebi.ac.uk/gxa/sc/experiments/E-CURD-119#ANATOMOGRAM-E-CURD-119-Healthy2,UBERON:0002113,Kidney,901,5,896,0.005549389567147614,0.18181818181818182,0.09145102289662649,0.09198653198653198,0.009936284786451267,11,18,0.745668188,0.8448032947991067
pan-human-azimuth,https://www.ebi.ac.uk/gxa/sc/experiments/E-CURD-119#ANATOMOGRAM-E-CURD-119-Healthy3,UBERON:0002113,Kidney,1047,46,1001,0.04393505253104107,0.23076923076923078,0.08633136094674555,0.10089280653024206,0.06443243460101818,13,18,0.8771418056521739,0.8617086417082914
pan-human-azimuth,https://www.ebi.ac.uk/gxa/sc/experiments/E-CURD-119#ANATOMOGRAM-E-CURD-119-Healthy4,UBERON:0002113,Kidney,927,4,923,0.004314994606256742,0.07692307692307693,0.07692307692307693,0.07692307692307693,0.004314994606256742,13,10,0.99999842,0.8229415135427964
pan-human-azimuth,https://www.ebi.ac.uk/gxa/sc/experiments/E-CURD-119#ANATOMOGRAM-E-CURD-119-Healthy5,UBERON:0002113,Kidney,778,8,770,0.010282776349614395,0.15384615384615385,0.06185335132703554,0.07125246548323473,0.012626886823544922,13,11,0.99260776625,0.8344165518961032
pan-human-azimuth,https://www.ebi.ac.uk/gxa/sc/experiments/E-GEOD-130148#ANATOMOGRAM-E-GEOD-130148-muc3843-upper_lobe_of_left_lung,UBERON:0002048,Lung,372,81,291,0.21774193548387097,0.3125,0.2511200716845878,0.2686334498834499,0.23402323482968643,12,29,0.927032771358025,0.9006766324742264
pan-human-azimuth,https://www.ebi.ac.uk/gxa/sc/experiments/E-GEOD-130148#ANATOMOGRAM-E-GEOD-130148-muc4658-upper_lobe_of_left_lung,UBERON:0002048,Lung,704,109,595,0.15482954545454544,0.26324786324786326,0.21774304127245303,0.2358567358567358,0.17202907046657046,13,28,0.9654244733027526,0.9071729627058818
pan-human-azimuth,https://www.ebi.ac.uk/gxa/sc/experiments/E-GEOD-130148#ANATOMOGRAM-E-GEOD-130148-muc5103-main_bronchus,UBERON:0002048,Lung,408,57,351,0.13970588235294118,0.24612403100775193,0.163002432155658,0.18814551461610285,0.15419016777148264,12,41,0.9729406008771927,0.825430805698006
pan-human-azimuth,https://www.ebi.ac.uk/gxa/sc/experiments/E-GEOD-130148#ANATOMOGRAM-E-GEOD-130148-muc5104-upper_lobe_of_left_lung,UBERON:0002048,Lung,378,143,235,0.3783068783068783,0.2222222222222222,0.19444444444444445,0.20634920634920637,0.37944066515495084,9,27,0.9951453815384617,0.8436627919999997
pan-human-azimuth,https://www.ebi.ac.uk/gxa/sc/experiments/E-MTAB-10553#ANATOMOGRAM-E-MTAB-10553-donor1,UBERON:0002107,Liver,2598,188,2410,0.07236335642802155,0.24880095923261392,0.18554093567251462,0.20071887693368504,0.07446414095625885,12,38,0.9896770783510638,0.8984768052987561
pan-human-azimuth,https://www.ebi.ac.uk/gxa/sc/experiments/E-MTAB-10553#ANATOMOGRAM-E-MTAB-10553-donor2,UBERON:0002107,Liver,1472,273,1199,0.18546195652173914,0.20833333333333334,0.16719147113750932,0.16818899238750987,0.18710445882876997,12,32,0.9950035802197804,0.9110110753878241
pan-human-azimuth,https://www.ebi.ac.uk/gxa/sc/experiments/E-MTAB-10553#ANATOMOGRAM-E-MTAB-10553-donor3,UBERON:0002107,Liver,973,44,929,0.045220966084275435,0.19444444444444445,0.11160347940259314,0.11209006363191386,0.04826799353468767,9,23,0.9864152238636362,0.8878248939397196
pan-human-azimuth,https://www.ebi.ac.uk/gxa/sc/experiments/E-MTAB-10553#ANATOMOGRAM-E-MTAB-10553-donor4,UBERON:0002107,Liver,1078,171,907,0.15862708719851576,0.21970730967546256,0.15011904761904762,0.16243217201683655,0.16607180609267064,12,35,0.9853750472514621,0.9080322090848947
pan-human-azimuth,https://www.ebi.ac.uk/gxa/sc/experiments/E-MTAB-10553#ANATOMOGRAM-E-MTAB-10553-donor5,UBERON:0002107,Liver,1176,134,1042,0.11394557823129252,0.3016846092503987,0.25805860805860803,0.2676913858326836,0.12055477419244576,12,29,0.9940834764925374,0.8997533268618041
pan-human-azimuth,https://www.ebi.ac.uk/gxa/sc/experiments/E-MTAB-10553#ANATOMOGRAM-E-MTAB-10553-donor6,UBERON:0002107,Liver,1752,284,1468,0.16210045662100456,0.27869696844615055,0.23286435786435786,0.240658481248004,0.17487824566388846,12,35,0.9803499669366199,0.8754055099182569
pan-human-azimuth,https://www.ebi.ac.uk/gxa/sc/experiments/E-MTAB-5061#ANATOMOGRAM-E-MTAB-5061-H2,UBERON:0001264,Pancreas,169,113,56,0.6686390532544378,0.3513986013986014,0.3450091575091575,0.3478114478114478,0.6713127328511944,11,9,1.0,1.0
pan-human-azimuth,https://www.ebi.ac.uk/gxa/sc/experiments/E-MTAB-5061#ANATOMOGRAM-E-MTAB-5061-H3,UBERON:0001264,Pancreas,175,69,106,0.3942857142857143,0.4245014245014245,0.3464052287581699,0.345770529610411,0.38528010166260723,9,8,0.9999962586956522,1.0
pan-human-azimuth,https://www.ebi.ac.uk/gxa/sc/experiments/E-MTAB-5061#ANATOMOGRAM-E-MTAB-5061-H4,UBERON:0001264,Pancreas,103,57,46,0.5533980582524272,0.3486842105263158,0.303125,0.3150894538606403,0.5938054229974585,8,8,1.0,1.0
pan-human-azimuth,https://www.ebi.ac.uk/gxa/sc/experiments/E-MTAB-5061#ANATOMOGRAM-E-MTAB-5061-H5,UBERON:0001264,Pancreas,57,26,31,0.45614035087719296,0.32091346153846156,0.28082386363636364,0.28979037267080743,0.48483527659729025,8,9,0.9999939846153846,1.0
pan-human-azimuth,https://www.ebi.ac.uk/gxa/sc/experiments/E-MTAB-5061#ANATOMOGRAM-E-MTAB-5061-H6,UBERON:0001264,Pancreas,138,93,45,0.6739130434782609,0.4482758620689655,0.3622589531680441,0.3943304007820137,0.7073710456599657,11,13,1.0,1.0
pan-human-azimuth,https://www.ebi.ac.uk/gxa/sc/experiments/E-MTAB-5061#ANATOMOGRAM-E-MTAB-5061-T2D1,UBERON:0001264,Pancreas,88,38,50,0.4318181818181818,0.4454545454545455,0.4074074074074074,0.41794258373205745,0.5298444976076555,11,10,1.0,1.0
pan-human-azimuth,https://www.ebi.ac.uk/gxa/sc/experiments/E-MTAB-5061#ANATOMOGRAM-E-MTAB-5061-T2D2,UBERON:0001264,Pancreas,174,112,62,0.6436781609195402,0.379656862745098,0.38192857142857145,0.380173699612952,0.6537809071486158,10,11,1.0,1.0
pan-human-azimuth,https://www.ebi.ac.uk/gxa/sc/experiments/E-MTAB-5061#ANATOMOGRAM-E-MTAB-5061-T2D3,UBERON:0001264,Pancreas,175,130,45,0.7428571428571429,0.3148148148148148,0.31231756231756225,0.313241399102429,0.7570835911605724,9,11,1.0,0.9999512044444445
pan-human-azimuth,https://www.ebi.ac.uk/gxa/sc/experiments/E-MTAB-5061#ANATOMOGRAM-E-MTAB-5061-T2D4,UBERON:0001264,Pancreas,189,126,63,0.6666666666666666,0.4392361111111111,0.41889880952380953,0.4285685061534433,0.6815296948839761,9,11,1.0,1.0
popv,https://www.ebi.ac.uk/gxa/sc/experiments/E-GEOD-130148#ANATOMOGRAM-E-GEOD-130148-muc3843-upper_lobe_of_left_lung,UBERON:0002048,Lung,768,544,224,0.7083333333333334,0.44546265725520945,0.4109456851392335,0.42518750426738244,0.7451967943811612,13,24,0.9666053921568618,0.7842261904761901
popv,https://www.ebi.ac.uk/gxa/sc/experiments/E-GEOD-130148#ANATOMOGRAM-E-GEOD-130148-muc4658-upper_lobe_of_left_lung,UBERON:0002048,Lung,1200,861,339,0.7175,0.39193848236490375,0.3191911983699555,0.34881743819612093,0.7495296706185712,13,23,0.9583817266744105,0.8539823008849557
popv,https://www.ebi.ac.uk/gxa/sc/experiments/E-GEOD-130148#ANATOMOGRAM-E-GEOD-130148-muc5103-main_bronchus,UBERON:0002048,Lung,701,128,573,0.1825962910128388,0.2613004017259336,0.2544517665153815,0.19927487630921037,0.23138819840904487,13,33,0.8567708333333335,0.6916812100058163
popv,https://www.ebi.ac.uk/gxa/sc/experiments/E-GEOD-130148#ANATOMOGRAM-E-GEOD-130148-muc5104-upper_lobe_of_left_lung,UBERON:0002048,Lung,533,34,499,0.06378986866791744,0.3144517066085693,0.18860359318374587,0.20745292143141603,0.09254478365414635,9,24,0.784313725490196,0.7828991315965258
popv,https://www.ebi.ac.uk/gxa/sc/experiments/E-MTAB-10553#ANATOMOGRAM-E-MTAB-10553-donor1,UBERON:0002107,Liver,4776,2197,2579,0.46000837520938026,0.2857573284716845,0.26553526157737956,0.26054789502055514,0.5526143818727112,12,11,0.8129267182521702,0.8478738529145672
popv,https://www.ebi.ac.uk/gxa/sc/experiments/E-MTAB-10553#ANATOMOGRAM-E-MTAB-10553-donor2,UBERON:0002107,Liver,2802,1628,1174,0.5810135617416131,0.2859605272128394,0.28679941383756025,0.2658092886763331,0.6705702109056728,12,11,0.8073300573300609,0.9034639409426451
popv,https://www.ebi.ac.uk/gxa/sc/experiments/E-MTAB-10553#ANATOMOGRAM-E-MTAB-10553-donor3,UBERON:0002107,Liver,1448,447,1001,0.30870165745856354,0.3393809523809524,0.19345840371345152,0.2269052667868276,0.4230338176714376,10,9,0.7856077554064134,0.843323343323344
popv,https://www.ebi.ac.uk/gxa/sc/experiments/E-MTAB-10553#ANATOMOGRAM-E-MTAB-10553-donor4,UBERON:0002107,Liver,1612,887,725,0.5502481389578163,0.3020233025935173,0.2986076388226353,0.2822054926704875,0.6112615149862327,12,11,0.8509958662157078,0.8558620689655183
popv,https://www.ebi.ac.uk/gxa/sc/experiments/E-MTAB-10553#ANATOMOGRAM-E-MTAB-10553-donor5,UBERON:0002107,Liver,1766,696,1070,0.3941109852774632,0.28887677978587073,0.2734767928786346,0.2570256521586062,0.4773692100478336,12,11,0.8287835249042153,0.905140186915887
popv,https://www.ebi.ac.uk/gxa/sc/experiments/E-MTAB-10553#ANATOMOGRAM-E-MTAB-10553-donor6,UBERON:0002107,Liver,2596,1210,1386,0.4661016949152542,0.26838548064619255,0.26096091210630407,0.24965670537718038,0.5016802540781752,13,11,0.8548209366391167,0.8125300625300639
popv,https://www.ebi.ac.uk/gxa/sc/experiments/E-MTAB-5061#ANATOMOGRAM-E-MTAB-5061-H2,UBERON:0001264,Pancreas,259,209,50,0.806949806949807,0.5186858675373135,0.5833333333333334,0.5445818907273053,0.7373489063243226,12,8,0.962519936204147,0.7133333333333333
popv,https://www.ebi.ac.uk/gxa/sc/experiments/E-MTAB-5061#ANATOMOGRAM-E-MTAB-5061-H3,UBERON:0001264,Pancreas,233,141,92,0.6051502145922747,0.46333333333333326,0.5,0.4798416063121945,0.5741267649876587,10,6,0.9763593380614652,0.911231884057971
popv,https://www.ebi.ac.uk/gxa/sc/experiments/E-MTAB-5061#ANATOMOGRAM-E-MTAB-5061-H4,UBERON:0001264,Pancreas,203,187,16,0.9211822660098522,0.6306559622716728,0.6666666666666666,0.6473622670491058,0.8887725449892188,9,7,0.9866310160427807,0.71875
popv,https://www.ebi.ac.uk/gxa/sc/experiments/E-MTAB-5061#ANATOMOGRAM-E-MTAB-5061-H5,UBERON:0001264,Pancreas,98,83,15,0.8469387755102041,0.6001461988304093,0.6666666666666666,0.6249889239777274,0.7907565973851979,9,7,0.9638554216867469,0.6777777777777777
popv,https://www.ebi.ac.uk/gxa/sc/experiments/E-MTAB-5061#ANATOMOGRAM-E-MTAB-5061-H6,UBERON:0001264,Pancreas,213,186,27,0.8732394366197183,0.49169020436745553,0.5415229931358964,0.5139421125236728,0.8232531489815145,11,7,0.9408602150537636,0.7530864197530863
popv,https://www.ebi.ac.uk/gxa/sc/experiments/E-MTAB-5061#ANATOMOGRAM-E-MTAB-5061-T2D1,UBERON:0001264,Pancreas,248,225,23,0.907258064516129,0.44764829764829767,0.5428571428571428,0.478353857529699,0.8786832516740988,11,7,0.9296296296296304,0.6884057971014492
popv,https://www.ebi.ac.uk/gxa/sc/experiments/E-MTAB-5061#ANATOMOGRAM-E-MTAB-5061-T2D2,UBERON:0001264,Pancreas,275,229,46,0.8327272727272728,0.5359708942632171,0.5625,0.5465625851704436,0.8023277753702154,12,10,0.9796215429403206,0.7681159420289857
popv,https://www.ebi.ac.uk/gxa/sc/experiments/E-MTAB-5061#ANATOMOGRAM-E-MTAB-5061-T2D3,UBERON:0001264,Pancreas,279,246,33,0.8817204301075269,0.5081315743080449,0.5371900826446281,0.5213984087289009,0.8515295504892769,11,8,0.9864498644986451,0.7727272727272729
popv,https://www.ebi.ac.uk/gxa/sc/experiments/E-MTAB-5061#ANATOMOGRAM-E-MTAB-5061-T2D4,UBERON:0001264,Pancreas,301,246,55,0.8172757475083057,0.49629461033955413,0.5454545454545454,0.5181036122677601,0.7498985744985863,11,8,0.9620596205962065,0.6818181818181817
