tool,confidence_bin,overlap_cells,exact_matches,mismatches,exact_agreement,macro_precision,macro_recall,macro_f1,weighted_f1,author_classes,predicted_classes,mean_conf_match,mean_conf_mismatch
celltypist,"[0,0.5)",3033,1143,1890,0.3768545994065282,0.23001381436312993,0.18736902630685057,0.16893276316288594,0.41054136205349884,32,56,0.18812473116539785,0.20124575193776498
celltypist,"[0.5,0.7)",986,380,606,0.385395537525355,0.35007515106167103,0.24607834867988077,0.25394306842847003,0.4420975001582121,28,46,0.6052491520075256,0.6034052085156864
celltypist,"[0.7,0.8)",660,265,395,0.4015151515151515,0.43046791595969336,0.28376088760786117,0.3005178200354003,0.4490325832766628,27,39,0.7556050148637037,0.7553753630726218
celltypist,"[0.8,0.9)",1098,425,673,0.3870673952641166,0.34687482755219196,0.26231601605650334,0.2469133181664075,0.44116942970669437,30,43,0.8575459950671646,0.8541726172251419
celltypist,"[0.9,0.95)",1003,419,584,0.41774675972083747,0.43595097304367614,0.3436521720481256,0.3384158385187189,0.47135726891159413,27,43,0.929674225545361,0.9277309228002386
celltypist,"[0.95,1]",13531,6207,7324,0.4587244106126672,0.3679326171958742,0.3276624416887986,0.31402875254624046,0.5020551033280479,34,53,0.994441267539339,0.9947065840845295
azimuth,"[0,0.5)",49,8,41,0.16326530612244897,0.09090909090909091,0.09090909090909091,0.09090909090909091,0.16326530612244897,11,11,0.4523819093248508,0.42493383307452387
azimuth,"[0.5,0.7)",860,115,745,0.13372093023255813,0.24873809523809523,0.31933333333333336,0.2710877192982456,0.1277663747920786,20,34,0.6248126567394537,0.6382156861705657
azimuth,"[0.7,0.8)",2185,159,2026,0.07276887871853546,0.2308685268979387,0.30801168642915666,0.2505258898919792,0.07016706250781572,24,34,0.7562079629124829,0.7613719647211052
azimuth,"[0.8,0.9)",6717,656,6061,0.09766264701503648,0.28557851254008465,0.29105083091793055,0.26753184492447724,0.10023742579460329,34,55,0.8633198171147448,0.8567495451739873
azimuth,"[0.9,0.95)",4879,881,3998,0.18056978889116623,0.35698624711759386,0.3250921953920104,0.3295373638082309,0.1924639038993444,31,58,0.9271429675054758,0.9244050671283874
azimuth,"[0.95,1]",10595,3608,6987,0.34053798961774423,0.41516819282036715,0.38158833425118355,0.38263615786111727,0.3498735405060046,38,78,0.9869407811451084,0.9796748693709316
pan-human-azimuth,"[0,0.5)",453,11,442,0.024282560706401765,0.15217391304347827,0.06635959708749158,0.06412337662337662,0.04064473973414372,23,35,0.39796911545454533,0.39484149997737533
pan-human-azimuth,"[0.5,0.7)",1597,26,1571,0.01628052598622417,0.18645833333333334,0.10373796324551589,0.11264193933960856,0.021893096470569307,32,51,0.5951152273076923,0.6113172060725649
pan-human-azimuth,"[0.7,0.8)",1304,28,1276,0.02147239263803681,0.2389411354928596,0.13037265495738662,0.13787755823173942,0.0316623660887849,29,45,0.7490122114285714,0.7515976334952977
pan-human-azimuth,"[0.8,0.9)",1753,28,1725,0.015972618368511125,0.18323863636363635,0.1113000840381696,0.11084294871794871,0.022029224625916013,32,45,0.8537861425,0.8533132499536259
pan-human-azimuth,"[0.9,0.95)",1360,31,1329,0.022794117647058822,0.20995670995670995,0.12510716157532195,0.13193671301960075,0.029638379570256734,33,46,0.9261324809677417,0.9268944288788558
pan-human-azimuth,"[0.95,1]",9863,2202,7661,0.22325864341478252,0.31439662446420835,0.23314899869390127,0.23898365167265365,0.22963624908068705,47,73,0.9991374430063578,0.9913077559718072
popv,"[0,0.5)",295,20,275,0.06779661016949153,0.2594230769230769,0.0754505070279385,0.08923662221687384,0.10337057892797087,20,36,0.3333333333333332,0.32606060606060533
popv,"[0.5,0.7)",5733,2956,2777,0.5156113727542299,0.3158264477526115,0.28837880663749643,0.24445625163381912,0.590838957002874,33,47,0.64884979702303,0.5977673748649748
popv,"[0.8,0.9)",3761,2020,1741,0.5370911991491625,0.4367989615586047,0.4064813995097928,0.387743954776454,0.5984239021310295,32,40,0.8333333333333128,0.8333333333333217
popv,"[0.95,1]",10522,5388,5134,0.5120699486789584,0.48479443664780103,0.4223650954424689,0.41596164376965744,0.5313867540968389,33,40,1.0,1.0
