tool,organ_id,organ,overlap_cells,exact_matches,mismatches,exact_agreement,macro_precision,macro_recall,macro_f1,weighted_f1,author_classes,predicted_classes,mean_conf_match,mean_conf_mismatch
celltypist,UBERON:0001264,Pancreas,2109,1388,721,0.6581318160265529,0.20337150413991623,0.30414520165003534,0.23206757359298788,0.5616892288899403,13,4,0.5691141244106117,0.46189389422676863
celltypist,UBERON:0002048,Lung,3202,928,2274,0.28981886321049344,0.4117772268699644,0.2722013225104046,0.28521384626299917,0.3049159633800783,13,45,0.9326740617407945,0.7568626120565803
celltypist,UBERON:0002107,Liver,15000,6523,8477,0.4348666666666667,0.3735181213767869,0.32443096663280424,0.34529325884722173,0.49269473253279233,13,17,0.9069894429664479,0.8720236251651967
azimuth,UBERON:0001264,Pancreas,2109,1847,262,0.8757705073494547,0.5920906821307057,0.5775750576189846,0.5799043203702163,0.8636236327129011,13,11,0.983880370455128,0.9747846983420816
azimuth,UBERON:0002048,Lung,3202,946,2256,0.2954403497813866,0.3201042726056639,0.2325122995273446,0.22879165172927268,0.3163031303690572,13,34,0.9491337306367224,0.9607897557463294
azimuth,UBERON:0002113,Kidney,19974,2634,17340,0.13187143286272154,0.28980669251855695,0.2784222639679046,0.2836930096754813,0.13745854831387233,13,41,0.920514470865946,0.8850066930751004
pan-human-azimuth,UBERON:0001264,Pancreas,1268,764,504,0.6025236593059937,0.45066608110086376,0.4044078350096348,0.4222938219379201,0.6299330817042011,13,21,0.9999994573952878,0.9999956432539683
pan-human-azimuth,UBERON:0002048,Lung,1862,390,1472,0.20945220193340494,0.26286148038762536,0.2323253105275674,0.23700886665908577,0.21966099447334098,13,48,0.9694469894358979,0.8762580039266303
pan-human-azimuth,UBERON:0002107,Liver,9049,1094,7955,0.12089733672228975,0.32315607919364275,0.19770436665199442,0.2094503612476494,0.12709032079112584,12,50,0.9883210672029251,0.8961212036983018
pan-human-azimuth,UBERON:0002113,Kidney,4151,78,4073,0.0187906528547338,0.30069930069930073,0.07995429443862298,0.09125534259006128,0.02690990621998488,13,25,0.9004180467948717,0.8518686136312293
popv,UBERON:0001264,Pancreas,2109,1752,357,0.8307254623044097,0.5000031160275971,0.5360481768307026,0.5159876806782571,0.7857175542682748,13,10,0.9652777777777727,0.7721755368814196
popv,UBERON:0002048,Lung,3202,1567,1635,0.48938163647720173,0.39925230050207194,0.30277084063443643,0.3209887510055548,0.5329983398606593,13,34,0.9491597532439896,0.7658511722731917
popv,UBERON:0002107,Liver,15000,7065,7935,0.471,0.2709124863669757,0.25067323754657334,0.24468411616122301,0.5563461693561716,13,11,0.8234253361642141,0.8578029825666866
