tool,organ_id,organ,author_cell_id,author_cell_label,author_cells_total_for_class,author_cells_with_tool_for_class,class_coverage,predicted_as_class,true_positive,false_positive,false_negative,precision,recall,f1
celltypist,UBERON:0001264,Pancreas,ASCTB-TEMP:co-expression-cell,co-expression cell,36,36,1.0,0,0,0,36,0.0,0.0,0.0
celltypist,UBERON:0001264,Pancreas,CL:0000097,mast cell,7,7,1.0,0,0,0,7,0.0,0.0,0.0
celltypist,UBERON:0001264,Pancreas,CL:0000115,endothelial cell,15,15,1.0,0,0,0,15,0.0,0.0,0.0
celltypist,UBERON:0001264,Pancreas,CL:0000145,professional antigen presenting cell,4,4,1.0,0,0,0,4,0.0,0.0,0.0
celltypist,UBERON:0001264,Pancreas,CL:0000169,type B pancreatic cell,257,257,1.0,323,251,72,6,0.7770897832817337,0.9766536964980544,0.8655172413793103
celltypist,UBERON:0001264,Pancreas,CL:0000171,pancreatic A cell,857,857,1.0,1070,842,228,15,0.7869158878504673,0.9824970828471412,0.8738972496107941
celltypist,UBERON:0001264,Pancreas,CL:0000173,pancreatic D cell,106,106,1.0,498,106,392,0,0.21285140562248997,1.0,0.3509933774834437
celltypist,UBERON:0001264,Pancreas,CL:0000622,acinar cell,181,181,1.0,0,0,0,181,0.0,0.0,0.0
celltypist,UBERON:0001264,Pancreas,CL:0002079,pancreatic ductal cell,380,380,1.0,0,0,0,380,0.0,0.0,0.0
celltypist,UBERON:0001264,Pancreas,CL:0002275,pancreatic PP cell,190,190,1.0,218,189,29,1,0.8669724770642202,0.9947368421052631,0.9264705882352942
celltypist,UBERON:0001264,Pancreas,CL:0002410,pancreatic stellate cell,53,53,1.0,0,0,0,53,0.0,0.0,0.0
celltypist,UBERON:0001264,Pancreas,CL:0005019,pancreatic epsilon cell,7,7,1.0,0,0,0,7,0.0,0.0,0.0
celltypist,UBERON:0001264,Pancreas,CL:0008024,pancreatic endocrine cell,16,16,1.0,0,0,0,16,0.0,0.0,0.0
celltypist,UBERON:0002048,Lung,ASCTB-TEMP:transformed-epithelial-cell,transformed epithelial cell,180,180,1.0,0,0,0,180,0.0,0.0,0.0
celltypist,UBERON:0002048,Lung,CL:0000084,T cell,178,178,1.0,0,0,0,178,0.0,0.0,0.0
celltypist,UBERON:0002048,Lung,CL:0000097,mast cell,237,237,1.0,247,235,12,2,0.951417004048583,0.9915611814345991,0.9710743801652892
celltypist,UBERON:0002048,Lung,CL:0000236,B cell,272,272,1.0,23,19,4,253,0.8260869565217391,0.06985294117647059,0.1288135593220339
celltypist,UBERON:0002048,Lung,CL:0000542,lymphocyte,66,66,1.0,0,0,0,66,0.0,0.0,0.0
celltypist,UBERON:0002048,Lung,CL:0000623,natural killer cell,56,56,1.0,42,38,4,18,0.9047619047619048,0.6785714285714286,0.7755102040816326
celltypist,UBERON:0002048,Lung,CL:0002062,type I pneumocyte,101,101,1.0,85,77,8,24,0.9058823529411765,0.7623762376237624,0.8279569892473118
celltypist,UBERON:0002048,Lung,CL:0002063,type II pneumocyte,494,494,1.0,597,478,119,16,0.8006700167504187,0.9676113360323887,0.8762603116406966
celltypist,UBERON:0002048,Lung,CL:0002553,fibroblast of lung,75,75,1.0,0,0,0,75,0.0,0.0,0.0
celltypist,UBERON:0002048,Lung,CL:1000271,lung ciliated cell,175,175,1.0,0,0,0,175,0.0,0.0,0.0
celltypist,UBERON:0002048,Lung,CL:1000272,lung secretory cell,128,128,1.0,0,0,0,128,0.0,0.0,0.0
celltypist,UBERON:0002048,Lung,CL:1001567,lung endothelial cell,60,60,1.0,0,0,0,60,0.0,0.0,0.0
celltypist,UBERON:0002048,Lung,CL:1001603,lung macrophage,1180,1180,1.0,84,81,3,1099,0.9642857142857143,0.06864406779661017,0.12816455696202533
celltypist,UBERON:0002107,Liver,ASCTB-TEMP:cycling-cell,cycling cell,61,61,1.0,0,0,0,61,0.0,0.0,0.0
celltypist,UBERON:0002107,Liver,ASCTB-TEMP:endothelial-cell-of-vascular-tree,endothelial cell of vascular tree,41,41,1.0,0,0,0,41,0.0,0.0,0.0
celltypist,UBERON:0002107,Liver,CL:0000037,hematopoietic stem cell,27,27,1.0,0,0,0,27,0.0,0.0,0.0
celltypist,UBERON:0002107,Liver,CL:0000077,mesothelial cell,1,1,1.0,0,0,0,1,0.0,0.0,0.0
celltypist,UBERON:0002107,Liver,CL:0000084,T cell,7676,7676,1.0,5696,5014,682,2662,0.8802668539325843,0.6532047941636269,0.7499252168710739
celltypist,UBERON:0002107,Liver,CL:0000091,Kupffer cell,623,623,1.0,0,0,0,623,0.0,0.0,0.0
celltypist,UBERON:0002107,Liver,CL:0000182,hepatocyte,802,802,1.0,653,650,3,152,0.9954058192955589,0.8104738154613467,0.8934707903780068
celltypist,UBERON:0002107,Liver,CL:0000235,macrophage,1635,1635,1.0,736,81,655,1554,0.11005434782608696,0.04954128440366973,0.06832560101223113
celltypist,UBERON:0002107,Liver,CL:0000236,B cell,405,405,1.0,330,320,10,85,0.9696969696969697,0.7901234567901234,0.8707482993197279
celltypist,UBERON:0002107,Liver,CL:0000623,natural killer cell,919,919,1.0,0,0,0,919,0.0,0.0,0.0
celltypist,UBERON:0002107,Liver,CL:0000786,plasma cell,164,164,1.0,158,151,7,13,0.9556962025316456,0.9207317073170732,0.937888198757764
celltypist,UBERON:0002107,Liver,CL:1000398,endothelial cell of hepatic sinusoid,2337,2337,1.0,0,0,0,2337,0.0,0.0,0.0
celltypist,UBERON:0002107,Liver,CL:1000488,cholangiocyte,309,309,1.0,325,307,18,2,0.9446153846153846,0.9935275080906149,0.968454258675079
azimuth,UBERON:0001264,Pancreas,ASCTB-TEMP:co-expression-cell,co-expression cell,36,36,1.0,0,0,0,36,0.0,0.0,0.0
azimuth,UBERON:0001264,Pancreas,CL:0000097,mast cell,7,7,1.0,0,0,0,7,0.0,0.0,0.0
azimuth,UBERON:0001264,Pancreas,CL:0000115,endothelial cell,15,15,1.0,17,15,2,0,0.8823529411764706,1.0,0.9375
azimuth,UBERON:0001264,Pancreas,CL:0000145,professional antigen presenting cell,4,4,1.0,0,0,0,4,0.0,0.0,0.0
azimuth,UBERON:0001264,Pancreas,CL:0000169,type B pancreatic cell,257,257,1.0,275,256,19,1,0.9309090909090909,0.9961089494163424,0.9624060150375939
azimuth,UBERON:0001264,Pancreas,CL:0000171,pancreatic A cell,857,857,1.0,879,850,29,7,0.9670079635949943,0.9918319719953326,0.9792626728110599
azimuth,UBERON:0001264,Pancreas,CL:0000173,pancreatic D cell,106,106,1.0,105,104,1,2,0.9904761904761905,0.9811320754716981,0.9857819905213271
azimuth,UBERON:0001264,Pancreas,CL:0000622,acinar cell,181,181,1.0,0,0,0,181,0.0,0.0,0.0
azimuth,UBERON:0001264,Pancreas,CL:0002079,pancreatic ductal cell,380,380,1.0,386,377,9,3,0.9766839378238342,0.9921052631578947,0.9843342036553525
azimuth,UBERON:0001264,Pancreas,CL:0002275,pancreatic PP cell,190,190,1.0,199,189,10,1,0.949748743718593,0.9947368421052631,0.9717223650385605
azimuth,UBERON:0001264,Pancreas,CL:0002410,pancreatic stellate cell,53,53,1.0,52,52,0,1,1.0,0.9811320754716981,0.9904761904761905
azimuth,UBERON:0001264,Pancreas,CL:0005019,pancreatic epsilon cell,7,7,1.0,4,4,0,3,1.0,0.5714285714285714,0.7272727272727273
azimuth,UBERON:0001264,Pancreas,CL:0008024,pancreatic endocrine cell,16,16,1.0,5,0,5,16,0.0,0.0,0.0
azimuth,UBERON:0002048,Lung,ASCTB-TEMP:transformed-epithelial-cell,transformed epithelial cell,180,180,1.0,0,0,0,180,0.0,0.0,0.0
azimuth,UBERON:0002048,Lung,CL:0000084,T cell,178,178,1.0,0,0,0,178,0.0,0.0,0.0
azimuth,UBERON:0002048,Lung,CL:0000097,mast cell,237,237,1.0,237,235,2,2,0.9915611814345991,0.9915611814345991,0.9915611814345991
azimuth,UBERON:0002048,Lung,CL:0000236,B cell,272,272,1.0,51,43,8,229,0.8431372549019608,0.15808823529411764,0.2662538699690402
azimuth,UBERON:0002048,Lung,CL:0000542,lymphocyte,66,66,1.0,0,0,0,66,0.0,0.0,0.0
azimuth,UBERON:0002048,Lung,CL:0000623,natural killer cell,56,56,1.0,0,0,0,56,0.0,0.0,0.0
azimuth,UBERON:0002048,Lung,CL:0002062,type I pneumocyte,101,101,1.0,148,83,65,18,0.5608108108108109,0.8217821782178217,0.6666666666666667
azimuth,UBERON:0002048,Lung,CL:0002063,type II pneumocyte,494,494,1.0,584,472,112,22,0.8082191780821918,0.9554655870445344,0.8756957328385899
azimuth,UBERON:0002048,Lung,CL:0002553,fibroblast of lung,75,75,1.0,0,0,0,75,0.0,0.0,0.0
azimuth,UBERON:0002048,Lung,CL:1000271,lung ciliated cell,175,175,1.0,0,0,0,175,0.0,0.0,0.0
azimuth,UBERON:0002048,Lung,CL:1000272,lung secretory cell,128,128,1.0,0,0,0,128,0.0,0.0,0.0
azimuth,UBERON:0002048,Lung,CL:1001567,lung endothelial cell,60,60,1.0,0,0,0,60,0.0,0.0,0.0
azimuth,UBERON:0002048,Lung,CL:1001603,lung macrophage,1180,1180,1.0,118,113,5,1067,0.9576271186440678,0.09576271186440678,0.1741140215716487
azimuth,UBERON:0002113,Kidney,CL:0000057,fibroblast,206,206,1.0,0,0,0,206,0.0,0.0,0.0
azimuth,UBERON:0002113,Kidney,CL:0000653,glomerular visceral epithelial cell,463,463,1.0,450,446,4,17,0.9911111111111112,0.9632829373650108,0.9769989047097482
azimuth,UBERON:0002113,Kidney,CL:0000738,leukocyte,63,63,1.0,0,0,0,63,0.0,0.0,0.0
azimuth,UBERON:0002113,Kidney,CL:0000777,mesangial cell,239,239,1.0,0,0,0,239,0.0,0.0,0.0
azimuth,UBERON:0002113,Kidney,CL:0002201,renal beta-intercalated cell,349,349,1.0,350,340,10,9,0.9714285714285714,0.9742120343839542,0.972818311874106
azimuth,UBERON:0002113,Kidney,CL:0002306,epithelial cell of proximal tubule,5481,5481,1.0,0,0,0,5481,0.0,0.0,0.0
azimuth,UBERON:0002113,Kidney,CL:0005009,renal principal cell,1022,1022,1.0,0,0,0,1022,0.0,0.0,0.0
azimuth,UBERON:0002113,Kidney,CL:0005011,renal alpha-intercalated cell,1107,1107,1.0,0,0,0,1107,0.0,0.0,0.0
azimuth,UBERON:0002113,Kidney,CL:1000452,parietal epithelial cell,551,551,1.0,555,522,33,29,0.9405405405405406,0.9473684210526315,0.9439421338155515
azimuth,UBERON:0002113,Kidney,CL:1000768,kidney connecting tubule epithelial cell,1805,1805,1.0,1534,1326,208,479,0.864406779661017,0.7346260387811634,0.7942497753818508
azimuth,UBERON:0002113,Kidney,CL:1000849,kidney distal convoluted tubule epithelial cell,3249,3249,1.0,0,0,0,3249,0.0,0.0,0.0
azimuth,UBERON:0002113,Kidney,CL:1000892,kidney capillary endothelial cell,1008,1008,1.0,0,0,0,1008,0.0,0.0,0.0
azimuth,UBERON:0002113,Kidney,CL:1001106,kidney loop of Henle thick ascending limb epithelial cell,4431,4431,1.0,0,0,0,4431,0.0,0.0,0.0
pan-human-azimuth,UBERON:0001264,Pancreas,ASCTB-TEMP:co-expression-cell,co-expression cell,36,34,0.9444444444444444,0,0,0,34,0.0,0.0,0.0
pan-human-azimuth,UBERON:0001264,Pancreas,CL:0000097,mast cell,7,6,0.8571428571428571,6,6,0,0,1.0,1.0,1.0
pan-human-azimuth,UBERON:0001264,Pancreas,CL:0000115,endothelial cell,15,12,0.8,1,0,1,12,0.0,0.0,0.0
pan-human-azimuth,UBERON:0001264,Pancreas,CL:0000145,professional antigen presenting cell,4,1,0.25,0,0,0,1,0.0,0.0,0.0
pan-human-azimuth,UBERON:0001264,Pancreas,CL:0000169,type B pancreatic cell,257,254,0.9883268482490273,276,250,26,4,0.9057971014492754,0.984251968503937,0.9433962264150944
pan-human-azimuth,UBERON:0001264,Pancreas,CL:0000171,pancreatic A cell,857,392,0.4574095682613769,297,283,14,109,0.9528619528619529,0.7219387755102041,0.8214804063860667
pan-human-azimuth,UBERON:0001264,Pancreas,CL:0000173,pancreatic D cell,106,106,1.0,0,0,0,106,0.0,0.0,0.0
pan-human-azimuth,UBERON:0001264,Pancreas,CL:0000622,acinar cell,181,176,0.9723756906077348,0,0,0,176,0.0,0.0,0.0
pan-human-azimuth,UBERON:0001264,Pancreas,CL:0002079,pancreatic ductal cell,380,225,0.5921052631578947,214,214,0,11,1.0,0.9511111111111111,0.9749430523917996
pan-human-azimuth,UBERON:0001264,Pancreas,CL:0002275,pancreatic PP cell,190,8,0.042105263157894736,8,8,0,0,1.0,1.0,1.0
pan-human-azimuth,UBERON:0001264,Pancreas,CL:0002410,pancreatic stellate cell,53,40,0.7547169811320755,0,0,0,40,0.0,0.0,0.0
pan-human-azimuth,UBERON:0001264,Pancreas,CL:0005019,pancreatic epsilon cell,7,5,0.7142857142857143,3,3,0,2,1.0,0.6,0.7499999999999999
pan-human-azimuth,UBERON:0001264,Pancreas,CL:0008024,pancreatic endocrine cell,16,9,0.5625,0,0,0,9,0.0,0.0,0.0
pan-human-azimuth,UBERON:0002048,Lung,ASCTB-TEMP:transformed-epithelial-cell,transformed epithelial cell,180,58,0.32222222222222224,0,0,0,58,0.0,0.0,0.0
pan-human-azimuth,UBERON:0002048,Lung,CL:0000084,T cell,178,138,0.7752808988764045,0,0,0,138,0.0,0.0,0.0
pan-human-azimuth,UBERON:0002048,Lung,CL:0000097,mast cell,237,234,0.9873417721518988,235,233,2,1,0.9914893617021276,0.9957264957264957,0.9936034115138592
pan-human-azimuth,UBERON:0002048,Lung,CL:0000236,B cell,272,136,0.5,0,0,0,136,0.0,0.0,0.0
pan-human-azimuth,UBERON:0002048,Lung,CL:0000542,lymphocyte,66,64,0.9696969696969697,0,0,0,64,0.0,0.0,0.0
pan-human-azimuth,UBERON:0002048,Lung,CL:0000623,natural killer cell,56,48,0.8571428571428571,0,0,0,48,0.0,0.0,0.0
pan-human-azimuth,UBERON:0002048,Lung,CL:0002062,type I pneumocyte,101,76,0.7524752475247525,59,55,4,21,0.9322033898305084,0.7236842105263158,0.8148148148148149
pan-human-azimuth,UBERON:0002048,Lung,CL:0002063,type II pneumocyte,494,47,0.0951417004048583,77,38,39,9,0.4935064935064935,0.8085106382978723,0.6129032258064516
pan-human-azimuth,UBERON:0002048,Lung,CL:0002553,fibroblast of lung,75,59,0.7866666666666666,0,0,0,59,0.0,0.0,0.0
pan-human-azimuth,UBERON:0002048,Lung,CL:1000271,lung ciliated cell,175,130,0.7428571428571429,64,64,0,66,1.0,0.49230769230769234,0.6597938144329897
pan-human-azimuth,UBERON:0002048,Lung,CL:1000272,lung secretory cell,128,86,0.671875,0,0,0,86,0.0,0.0,0.0
pan-human-azimuth,UBERON:0002048,Lung,CL:1001567,lung endothelial cell,60,46,0.7666666666666667,0,0,0,46,0.0,0.0,0.0
pan-human-azimuth,UBERON:0002048,Lung,CL:1001603,lung macrophage,1180,740,0.6271186440677966,0,0,0,740,0.0,0.0,0.0
pan-human-azimuth,UBERON:0002107,Liver,ASCTB-TEMP:cycling-cell,cycling cell,61,18,0.29508196721311475,0,0,0,18,0.0,0.0,0.0
pan-human-azimuth,UBERON:0002107,Liver,ASCTB-TEMP:endothelial-cell-of-vascular-tree,endothelial cell of vascular tree,41,27,0.6585365853658537,0,0,0,27,0.0,0.0,0.0
pan-human-azimuth,UBERON:0002107,Liver,CL:0000037,hematopoietic stem cell,27,20,0.7407407407407407,0,0,0,20,0.0,0.0,0.0
pan-human-azimuth,UBERON:0002107,Liver,CL:0000084,T cell,7676,3857,0.5024752475247525,4,3,1,3854,0.75,0.00077780658542909,0.001554001554001554
pan-human-azimuth,UBERON:0002107,Liver,CL:0000091,Kupffer cell,623,428,0.6869983948635634,0,0,0,428,0.0,0.0,0.0
pan-human-azimuth,UBERON:0002107,Liver,CL:0000182,hepatocyte,802,783,0.9763092269326683,787,782,5,1,0.9936467598475223,0.9987228607918263,0.9961783439490446
pan-human-azimuth,UBERON:0002107,Liver,CL:0000235,macrophage,1635,895,0.5474006116207951,96,59,37,836,0.6145833333333334,0.0659217877094972,0.11907164480322907
pan-human-azimuth,UBERON:0002107,Liver,CL:0000236,B cell,405,249,0.6148148148148148,0,0,0,249,0.0,0.0,0.0
pan-human-azimuth,UBERON:0002107,Liver,CL:0000623,natural killer cell,919,624,0.6789989118607181,0,0,0,624,0.0,0.0,0.0
pan-human-azimuth,UBERON:0002107,Liver,CL:0000786,plasma cell,164,31,0.18902439024390244,21,11,10,20,0.5238095238095238,0.3548387096774194,0.4230769230769231
pan-human-azimuth,UBERON:0002107,Liver,CL:1000398,endothelial cell of hepatic sinusoid,2337,1866,0.7984595635430038,0,0,0,1866,0.0,0.0,0.0
pan-human-azimuth,UBERON:0002107,Liver,CL:1000488,cholangiocyte,309,251,0.8122977346278317,240,239,1,12,0.9958333333333333,0.952191235059761,0.9735234215885947
pan-human-azimuth,UBERON:0002113,Kidney,CL:0000057,fibroblast,206,72,0.34951456310679613,17,0,17,72,0.0,0.0,0.0
pan-human-azimuth,UBERON:0002113,Kidney,CL:0000653,glomerular visceral epithelial cell,463,48,0.10367170626349892,44,44,0,4,1.0,0.9166666666666666,0.9565217391304348
pan-human-azimuth,UBERON:0002113,Kidney,CL:0000738,leukocyte,63,30,0.47619047619047616,0,0,0,30,0.0,0.0,0.0
pan-human-azimuth,UBERON:0002113,Kidney,CL:0000777,mesangial cell,239,9,0.03765690376569038,0,0,0,9,0.0,0.0,0.0
pan-human-azimuth,UBERON:0002113,Kidney,CL:0002201,renal beta-intercalated cell,349,34,0.09742120343839542,1,1,0,33,1.0,0.029411764705882353,0.05714285714285715
pan-human-azimuth,UBERON:0002113,Kidney,CL:0002306,epithelial cell of proximal tubule,5481,2153,0.39281153074256525,23,23,0,2130,1.0,0.010682768230376219,0.02113970588235294
pan-human-azimuth,UBERON:0002113,Kidney,CL:0005009,renal principal cell,1022,59,0.057729941291585124,0,0,0,59,0.0,0.0,0.0
pan-human-azimuth,UBERON:0002113,Kidney,CL:0005011,renal alpha-intercalated cell,1107,121,0.1093044263775971,11,10,1,111,0.9090909090909091,0.08264462809917356,0.1515151515151515
pan-human-azimuth,UBERON:0002113,Kidney,CL:1000452,parietal epithelial cell,551,307,0.5571687840290381,0,0,0,307,0.0,0.0,0.0
pan-human-azimuth,UBERON:0002113,Kidney,CL:1000768,kidney connecting tubule epithelial cell,1805,66,0.03656509695290859,0,0,0,66,0.0,0.0,0.0
pan-human-azimuth,UBERON:0002113,Kidney,CL:1000849,kidney distal convoluted tubule epithelial cell,3249,178,0.054786088027085254,0,0,0,178,0.0,0.0,0.0
pan-human-azimuth,UBERON:0002113,Kidney,CL:1000892,kidney capillary endothelial cell,1008,226,0.22420634920634921,0,0,0,226,0.0,0.0,0.0
pan-human-azimuth,UBERON:0002113,Kidney,CL:1001106,kidney loop of Henle thick ascending limb epithelial cell,4431,848,0.19137892123674113,0,0,0,848,0.0,0.0,0.0
popv,UBERON:0001264,Pancreas,ASCTB-TEMP:co-expression-cell,co-expression cell,36,36,1.0,0,0,0,36,0.0,0.0,0.0
popv,UBERON:0001264,Pancreas,CL:0000097,mast cell,7,7,1.0,7,7,0,0,1.0,1.0,1.0
popv,UBERON:0001264,Pancreas,CL:0000115,endothelial cell,15,15,1.0,15,15,0,0,1.0,1.0,1.0
popv,UBERON:0001264,Pancreas,CL:0000145,professional antigen presenting cell,4,4,1.0,0,0,0,4,0.0,0.0,0.0
popv,UBERON:0001264,Pancreas,CL:0000169,type B pancreatic cell,257,257,1.0,355,256,99,1,0.7211267605633803,0.9961089494163424,0.8366013071895426
popv,UBERON:0001264,Pancreas,CL:0000171,pancreatic A cell,857,857,1.0,920,856,64,1,0.9304347826086956,0.9988331388564761,0.9634214969048959
popv,UBERON:0001264,Pancreas,CL:0000173,pancreatic D cell,106,106,1.0,0,0,0,106,0.0,0.0,0.0
popv,UBERON:0001264,Pancreas,CL:0000622,acinar cell,181,181,1.0,0,0,0,181,0.0,0.0,0.0
popv,UBERON:0001264,Pancreas,CL:0002079,pancreatic ductal cell,380,380,1.0,427,380,47,0,0.8899297423887588,1.0,0.9417596034696406
popv,UBERON:0001264,Pancreas,CL:0002275,pancreatic PP cell,190,190,1.0,193,185,8,5,0.9585492227979274,0.9736842105263158,0.9660574412532638
popv,UBERON:0001264,Pancreas,CL:0002410,pancreatic stellate cell,53,53,1.0,53,53,0,0,1.0,1.0,1.0
popv,UBERON:0001264,Pancreas,CL:0005019,pancreatic epsilon cell,7,7,1.0,0,0,0,7,0.0,0.0,0.0
popv,UBERON:0001264,Pancreas,CL:0008024,pancreatic endocrine cell,16,16,1.0,0,0,0,16,0.0,0.0,0.0
popv,UBERON:0002048,Lung,ASCTB-TEMP:transformed-epithelial-cell,transformed epithelial cell,180,180,1.0,0,0,0,180,0.0,0.0,0.0
popv,UBERON:0002048,Lung,CL:0000084,T cell,178,178,1.0,0,0,0,178,0.0,0.0,0.0
popv,UBERON:0002048,Lung,CL:0000097,mast cell,237,237,1.0,0,0,0,237,0.0,0.0,0.0
popv,UBERON:0002048,Lung,CL:0000236,B cell,272,272,1.0,21,18,3,254,0.8571428571428571,0.0661764705882353,0.12286689419795223
popv,UBERON:0002048,Lung,CL:0000542,lymphocyte,66,66,1.0,0,0,0,66,0.0,0.0,0.0
popv,UBERON:0002048,Lung,CL:0000623,natural killer cell,56,56,1.0,0,0,0,56,0.0,0.0,0.0
popv,UBERON:0002048,Lung,CL:0002062,type I pneumocyte,101,101,1.0,75,71,4,30,0.9466666666666667,0.7029702970297029,0.8068181818181819
popv,UBERON:0002048,Lung,CL:0002063,type II pneumocyte,494,494,1.0,575,464,111,30,0.8069565217391305,0.9392712550607287,0.8681010289990645
popv,UBERON:0002048,Lung,CL:0002553,fibroblast of lung,75,75,1.0,79,48,31,27,0.6075949367088608,0.64,0.6233766233766234
popv,UBERON:0002048,Lung,CL:1000271,lung ciliated cell,175,175,1.0,159,158,1,17,0.9937106918238994,0.9028571428571428,0.9461077844311377
popv,UBERON:0002048,Lung,CL:1000272,lung secretory cell,128,128,1.0,0,0,0,128,0.0,0.0,0.0
popv,UBERON:0002048,Lung,CL:1001567,lung endothelial cell,60,60,1.0,0,0,0,60,0.0,0.0,0.0
popv,UBERON:0002048,Lung,CL:1001603,lung macrophage,1180,1180,1.0,826,808,18,372,0.9782082324455206,0.6847457627118644,0.8055832502492524
popv,UBERON:0002107,Liver,ASCTB-TEMP:cycling-cell,cycling cell,61,61,1.0,0,0,0,61,0.0,0.0,0.0
popv,UBERON:0002107,Liver,ASCTB-TEMP:endothelial-cell-of-vascular-tree,endothelial cell of vascular tree,41,41,1.0,0,0,0,41,0.0,0.0,0.0
popv,UBERON:0002107,Liver,CL:0000037,hematopoietic stem cell,27,27,1.0,0,0,0,27,0.0,0.0,0.0
popv,UBERON:0002107,Liver,CL:0000077,mesothelial cell,1,1,1.0,0,0,0,1,0.0,0.0,0.0
popv,UBERON:0002107,Liver,CL:0000084,T cell,7676,7676,1.0,4145,3815,330,3861,0.9203860072376358,0.4970036477331944,0.6454614668809746
popv,UBERON:0002107,Liver,CL:0000091,Kupffer cell,623,623,1.0,0,0,0,623,0.0,0.0,0.0
popv,UBERON:0002107,Liver,CL:0000182,hepatocyte,802,802,1.0,648,645,3,157,0.9953703703703703,0.8042394014962594,0.8896551724137931
popv,UBERON:0002107,Liver,CL:0000235,macrophage,1635,1635,1.0,971,298,673,1337,0.30690010298661174,0.18226299694189602,0.22870299309286263
popv,UBERON:0002107,Liver,CL:0000236,B cell,405,405,1.0,0,0,0,405,0.0,0.0,0.0
popv,UBERON:0002107,Liver,CL:0000623,natural killer cell,919,919,1.0,0,0,0,919,0.0,0.0,0.0
popv,UBERON:0002107,Liver,CL:0000786,plasma cell,164,164,1.0,435,139,296,25,0.3195402298850575,0.8475609756097561,0.4641068447412354
popv,UBERON:0002107,Liver,CL:1000398,endothelial cell of hepatic sinusoid,2337,2337,1.0,2213,2168,45,169,0.9796656122910077,0.9276850663243474,0.952967032967033
popv,UBERON:0002107,Liver,CL:1000488,cholangiocyte,309,309,1.0,0,0,0,309,0.0,0.0,0.0
