ftu_label,organ_id,organ_label,in_2d_ftu_ct_count,in_2d_ftu_ct_labels,datasets_with_ct_by_in_2d_ftu,cells_with_ct_by_in_2d_ftu,in_asctb_ct_count,in_asctb_ct_labels,datasets_with_ct_by_in_asctb,cells_with_ct_by_in_asctb,exclusive_ct_in_ftu_ct_count,exclusive_ct_in_ftu_ct_labels,datasets_with_ct_by_exclusive_ct_in_ftu,cells_with_ct_by_exclusive_ct_in_ftu
alveolus of lung,UBERON:0002048,lung,6,pulmonary alveolar type 1 cell; pulmonary alveolar type 2 cell; lung pericyte; alveolar capillary type 1 endothelial cell; alveolar type 1 fibroblast cell; secondary crest myofibroblast,762,2626581,5,pulmonary alveolar type 1 cell; pulmonary alveolar type 2 cell; lung pericyte; alveolar capillary type 1 endothelial cell; alveolar type 1 fibroblast cell,762,2626581,0,,0,0
bronchus submucosal gland,UBERON:0002048,lung,6,myoepithelial cell of bronchus submucosal gland; serous secreting cell of bronchus submucosal gland; mucus secreting cell of bronchus submucosal gland; airway submucosal gland collecting duct epithelial cell; airway submucosal gland duct basal cell; airway submucosal gland duct multiciliated cell,140,6003,6,myoepithelial cell of bronchus submucosal gland; serous secreting cell of bronchus submucosal gland; mucus secreting cell of bronchus submucosal gland; airway submucosal gland collecting duct epithelial cell; airway submucosal gland duct basal cell; airway submucosal gland duct multiciliated cell,140,6003,0,,0,0
chorionic terminal villus,UBERON:0001987,placenta,6,mononuclear cytotrophoblast cell; syncytiotrophoblast cell; pericyte; fibroblast of villous mesenchyme; placental villus capillary endothelial cell; Hofbauer cell,0,0,6,mononuclear cytotrophoblast cell; syncytiotrophoblast cell; pericyte; fibroblast of villous mesenchyme; placental villus capillary endothelial cell; Hofbauer cell,0,0,6,mononuclear cytotrophoblast cell; syncytiotrophoblast cell; pericyte; fibroblast of villous mesenchyme; placental villus capillary endothelial cell; Hofbauer cell,0,0
cortical collecting duct,UBERON:0002113,kidney,3,kidney cortex collecting duct principal cell; kidney cortex collecting duct intercalated cell; peritubular capillary endothelial cell,657,430973,2,kidney cortex collecting duct principal cell; kidney cortex collecting duct intercalated cell,657,430973,0,,0,0
crypt of Lieberkuhn of large intestine,UBERON:0000059,large intestine,5,neuroendocrine cell; enterocyte of epithelium of large intestine; intestinal crypt stem cell of large intestine; intestinal tuft cell; large intestine crypt goblet cell,0,0,5,neuroendocrine cell; enterocyte of epithelium of large intestine; intestinal crypt stem cell of large intestine; intestinal tuft cell; large intestine crypt goblet cell,0,0,0,,0,0
descending limb of loop of Henle,UBERON:0002113,kidney,2,kidney loop of Henle thin descending limb epithelial cell; vasa recta ascending limb cell,490,73042,1,kidney loop of Henle thin descending limb epithelial cell,0,0,1,kidney loop of Henle thin descending limb epithelial cell,0,0
epidermal ridge of digit,UBERON:0002097,skin,5,Merkel cell; basal cell; spinous cell of epidermis; epidermal Langerhans cell; melanocyte of skin,69,27668,5,Merkel cell; basal cell; spinous cell of epidermis; epidermal Langerhans cell; melanocyte of skin,69,27668,3,basal cell; spinous cell of epidermis; melanocyte of skin,64,13715
hair follicle,UBERON:0002097,skin,5,sebocyte; keratinocyte stem cell; hair follicle melanocyte; hair germinal matrix cell; myoepithelial cell of sweat gland,0,0,4,sebocyte; keratinocyte stem cell; hair follicle melanocyte; hair germinal matrix cell,0,0,4,sebocyte; keratinocyte stem cell; hair follicle melanocyte; hair germinal matrix cell,0,0
inner medullary collecting duct,UBERON:0002113,kidney,2,kidney inner medulla collecting duct principal cell; peritubular capillary endothelial cell,535,1092532,1,kidney inner medulla collecting duct principal cell,535,1092532,1,kidney inner medulla collecting duct principal cell,535,1092532
intercalated duct of pancreas,UBERON:0001264,pancreas,2,pancreatic centro-acinar cell; epithelial cell of exocrine pancreas,0,0,1,epithelial cell of exocrine pancreas,0,0,0,,0,0
intestinal villus,UBERON:0002108,small intestine,15,fibroblast; mast cell; endocrine cell; myofibroblast cell; macrophage; B cell; dendritic cell; enterocyte; natural killer cell; eosinophil; neutrophil; plasma cell; innate lymphoid cell; tuft cell of small intestine; duodenal goblet cell,0,0,15,fibroblast; mast cell; endocrine cell; myofibroblast cell; macrophage; B cell; dendritic cell; enterocyte; natural killer cell; eosinophil; neutrophil; plasma cell; innate lymphoid cell; tuft cell of small intestine; duodenal goblet cell,0,0,1,duodenal goblet cell,0,0
islet of Langerhans,UBERON:0001264,pancreas,7,type B pancreatic cell; pancreatic A cell; pancreatic D cell; macrophage; pericyte; capillary endothelial cell; pancreatic PP cell,13,32053,6,type B pancreatic cell; pancreatic A cell; pancreatic D cell; macrophage; capillary endothelial cell; pancreatic PP cell,13,32053,5,type B pancreatic cell; pancreatic A cell; pancreatic D cell; capillary endothelial cell; pancreatic PP cell,13,32053
liver lobule,UBERON:0002107,liver,11,columnar/cuboidal epithelial cell; Kupffer cell; hepatocyte; stratified cuboidal epithelial cell; hepatic stellate cell; hepatic oval stem cell; vein endothelial cell; hepatic portal fibroblast; blood vessel smooth muscle cell; endothelial cell of hepatic sinusoid; endothelial cell of artery,62,167206,11,columnar/cuboidal epithelial cell; Kupffer cell; hepatocyte; stratified cuboidal epithelial cell; hepatic stellate cell; hepatic oval stem cell; vein endothelial cell; hepatic portal fibroblast; blood vessel smooth muscle cell; endothelial cell of hepatic sinusoid; endothelial cell of artery,62,167206,9,columnar/cuboidal epithelial cell; Kupffer cell; hepatocyte; stratified cuboidal epithelial cell; hepatic stellate cell; hepatic portal fibroblast; blood vessel smooth muscle cell; endothelial cell of hepatic sinusoid; endothelial cell of artery,62,167206
loop of Henle ascending limb thin segment,UBERON:0002113,kidney,2,kidney loop of Henle thin ascending limb epithelial cell; vasa recta descending limb cell,371,399626,1,kidney loop of Henle thin ascending limb epithelial cell,371,399626,1,kidney loop of Henle thin ascending limb epithelial cell,371,399626
nephron,UBERON:0002113,kidney,10,kidney cortex collecting duct principal cell; kidney outer medulla collecting duct principal cell; kidney inner medulla collecting duct principal cell; kidney connecting tubule epithelial cell; kidney distal convoluted tubule epithelial cell; macula densa epithelial cell; kidney loop of Henle thick ascending limb epithelial cell; kidney loop of Henle thin ascending limb epithelial cell; kidney loop of Henle thin descending limb epithelial cell; epithelial cell of proximal tubule segment 1,678,3129409,7,kidney connecting tubule epithelial cell; kidney distal convoluted tubule epithelial cell; macula densa epithelial cell; kidney loop of Henle thick ascending limb epithelial cell; kidney loop of Henle thin ascending limb epithelial cell; kidney loop of Henle thin descending limb epithelial cell; epithelial cell of proximal tubule segment 1,668,1637553,7,kidney connecting tubule epithelial cell; kidney distal convoluted tubule epithelial cell; macula densa epithelial cell; kidney loop of Henle thick ascending limb epithelial cell; kidney loop of Henle thin ascending limb epithelial cell; kidney loop of Henle thin descending limb epithelial cell; epithelial cell of proximal tubule segment 1,668,1637553
outer medullary collecting duct,UBERON:0002113,kidney,3,kidney outer medulla collecting duct principal cell; kidney outer medulla collecting duct intercalated cell; peritubular capillary endothelial cell,455,131214,2,kidney outer medulla collecting duct principal cell; kidney outer medulla collecting duct intercalated cell,455,131214,2,kidney outer medulla collecting duct principal cell; kidney outer medulla collecting duct intercalated cell,455,131214
pancreatic acinus,UBERON:0001264,pancreas,4,pancreatic acinar cell; pancreatic centro-acinar cell; pancreatic goblet cell; epithelial cell of exocrine pancreas,13,20759,3,pancreatic acinar cell; pancreatic centro-acinar cell; pancreatic goblet cell,13,20759,3,pancreatic acinar cell; pancreatic centro-acinar cell; pancreatic goblet cell,13,20759
papillary layer of dermis,UBERON:0002097,skin,2,endothelial cell; skin fibroblast,0,0,0,,0,0,0,,0,0
parotid gland,UBERON:0000165,mouth,15,mast cell; endothelial cell; adipocyte; myoepithelial cell; smooth muscle cell; macrophage; dendritic cell; pericyte; helper T cell; IgA plasma cell; tuft cell; ionocyte; intercalated cell of salivary gland; striated cell of salivary gland; serous acinar cell of salivary gland,0,0,0,,0,0,0,,0,0
prostate glandular acinus,UBERON:0002367,prostate gland,9,vascular associated smooth muscle cell; pericyte; luminal cell of prostate epithelium; basal cell of prostate epithelium; prostate neuroendocrine cell; fibroblast of connective tissue of prostate; fibroblast of subepithelial connective tissue of prostatic gland; smooth muscle cell of prostate; prostate gland microvascular endothelial cell,39,69020,7,vascular associated smooth muscle cell; pericyte; luminal cell of prostate epithelium; basal cell of prostate epithelium; fibroblast of connective tissue of prostate; fibroblast of subepithelial connective tissue of prostatic gland; smooth muscle cell of prostate,39,69020,7,vascular associated smooth muscle cell; pericyte; luminal cell of prostate epithelium; basal cell of prostate epithelium; fibroblast of connective tissue of prostate; fibroblast of subepithelial connective tissue of prostatic gland; smooth muscle cell of prostate,39,69020
red pulp of spleen,UBERON:0002106,spleen,10,"hematopoietic stem cell; B cell; follicular dendritic cell; neutrophil; splenic marginal zone macrophage; splenic red pulp macrophage; splenic tingible body macrophage; plasmablast; CD14-positive, CD16-low monocyte; dendritic cell, human",67,25329,6,"hematopoietic stem cell; B cell; splenic red pulp macrophage; plasmablast; CD14-positive, CD16-low monocyte; dendritic cell, human",62,5916,5,"hematopoietic stem cell; B cell; plasmablast; CD14-positive, CD16-low monocyte; dendritic cell, human",62,5916
renal corpuscle,UBERON:0002113,kidney,9,kidney granular cell; podocyte; epithelial cell of proximal tubule; parietal epithelial cell; glomerular mesangial cell; macula densa epithelial cell; glomerular capillary endothelial cell; kidney afferent arteriole endothelial cell; kidney efferent arteriole endothelial cell,644,376359,4,podocyte; parietal epithelial cell; glomerular mesangial cell; glomerular capillary endothelial cell,619,217401,4,podocyte; parietal epithelial cell; glomerular mesangial cell; glomerular capillary endothelial cell,619,217401
sublingual gland,UBERON:0000165,mouth,12,mast cell; endothelial cell; myoepithelial cell; smooth muscle cell; macrophage; dendritic cell; pericyte; helper T cell; IgA plasma cell; ionocyte; intercalated cell of salivary gland; seromucous acinar cell of salivary gland,0,0,0,,0,0,0,,0,0
submandibular gland,UBERON:0000165,mouth,14,mast cell; endothelial cell; myoepithelial cell; smooth muscle cell; macrophage; dendritic cell; pericyte; helper T cell; IgA plasma cell; tuft cell; ionocyte; intercalated cell of salivary gland; striated cell of salivary gland; seromucous acinar cell of salivary gland,0,0,0,,0,0,0,,0,0
thick ascending limb of loop of Henle,UBERON:0002113,kidney,2,peritubular capillary endothelial cell; kidney loop of Henle thick ascending limb epithelial cell,0,0,1,kidney loop of Henle thick ascending limb epithelial cell,0,0,1,kidney loop of Henle thick ascending limb epithelial cell,0,0
thymus lobule,UBERON:0002370,thoracic thymus,13,"blood vessel endothelial cell; T cell; leukocyte; naive B cell; double-positive, alpha-beta thymocyte; thymic cortical macrophage; thymic plasmacytoid dendritic cell; beige adipocyte; cortical thymic epithelial cell; corticomedullary thymic epithelial cell; medullary thymic epithelial cell type 1; medullary thymic epithelial cell type 3; subcapsular thymic epithelial cell",0,0,11,"blood vessel endothelial cell; naive B cell; double-positive, alpha-beta thymocyte; thymic cortical macrophage; thymic plasmacytoid dendritic cell; beige adipocyte; cortical thymic epithelial cell; corticomedullary thymic epithelial cell; medullary thymic epithelial cell type 1; medullary thymic epithelial cell type 3; subcapsular thymic epithelial cell",0,0,8,"naive B cell; double-positive, alpha-beta thymocyte; thymic cortical macrophage; beige adipocyte; cortical thymic epithelial cell; corticomedullary thymic epithelial cell; medullary thymic epithelial cell type 1; subcapsular thymic epithelial cell",0,0
white pulp of spleen,UBERON:0002106,spleen,10,"smooth muscle cell; follicular dendritic cell; stromal cell; neutrophil; splenic white pulp macrophage; splenic tingible body macrophage; plasmablast; CD14-positive, CD16-low monocyte; reticular cell of splenic cord; splenic endothelial cell",46,19413,8,smooth muscle cell; follicular dendritic cell; stromal cell; splenic white pulp macrophage; splenic tingible body macrophage; plasmablast; reticular cell of splenic cord; splenic endothelial cell,0,0,2,smooth muscle cell; splenic tingible body macrophage,0,0
